doi,title,affiliations_raw
10.26599/JAC.2025.9221171,Performance enhancement of nanogenerator achieved in branch-heterostructure piezoelectric ceramic fiber toward electrical transmission power line monitoring,"1Henan Key Laboratory of High-Efficiency Energy Conversion Science and Technology, Henan International Joint Laboratory of New Energy Materials and Devices, School of Physics and Electronics, Henan University, Kaifeng 475004, China; 2School of Information and Artificial Intelligence, Anhui Agricultural University, Hefei 230036, China; 3School of Intelligent Manufacturing, Wenzhou Polytechnic, Wenzhou 325035, China; 4State Grid Fuzhou Electric Power Supply Company, Fuzhou 350009, China; 5School of Measurement and Communication Engineering, Harbin University of Science and Technology, Harbin 150"
10.26599/JAC.2025.9221173,Construction of a molten CMAS-resistant bilayer-structured apatite layer used for thermal barrier coatings,"1School of Materials Science and Engineering, Tianjin University, Tianjin 300072, China; 2State Key Laboratory of Precious Metal Functional Materials, Tianjin 300072, China; 3Tianjin Key Laboratory of Advanced Joining Technology, Tianjin 300072, China; 4AECC Shenyang Liming Aero Engine Co., Ltd., Shenyang 110043, China"
10.26599/JAC.2025.9221174,A-/B-site engineering of AgNbO3-based ceramics for high-efficiency relaxor antiferroelectric energy storage,"1Regional Leading Research Center for Smart Energy Systems, Kyungpook National University, Daegu 41566, Republic of Korea; 2Department of Materials Science and Metallurgical Engineering, Kyungpook National University, Daegu 41566, Republic of Korea; 3Innovative Semiconductor Education and Research Center for Future Mobility, Kyungpook National University, Daegu 41566, Republic of Korea; 4Research Institute of Automotive Parts and Materials, Kyungpook National University, Daegu, 41566, Republic of Korea; 5School of Materials Science and Engineering, Yeungnam University, Gyeongsan 38541, Republi"
10.26599/JAC.2025.9221175,Giant recoverable energy storage density for lead-free SrTiO3-based dielectric films coated by the amorphous Al2O3 insulating layers,"1School of Electrical and Electronic Engineering, Harbin University of Science and Technology, Harbin 150080, China; 2National Key Laboratory of High-performance Special Cable Technology, Harbin 150080, China; 3Key Laboratory of Engineering Dielectrics and Its Application, Ministry of Education, Harbin University of Science and Technology, Harbin 150080, China; † Xinle Zhang, Shimin Sun, and Chao Yin contributed equally to this work."
10.26599/JAC.2025.9221176,"Synthesis, pyrolysis mechanism, and ceramic ablation performance of a TaC precursor with unsaturated bonds","Science and Technology on Advanced Ceramic Fibers and Composites Laboratory, College of Aerospace Science and Engineering, National University of Defense Technology, Changsha 410073, China; † Chuhan Sun and Honghai Pan contributed equally to this work."
10.26599/JAC.2025.9221178,Achieving electrocatalytic activity toward oxygen reduction reaction based on Ruddlesden–Popper type cathode catalyst for solid oxide fuel cells,"Key Laboratory of Functional Inorganic Material Chemistry, Ministry of Education, School of Chemistry and Materials Science, Heilongjiang University, Harbin 150080, China"
10.26599/JAC.2025.9221179,"Bonding characteristics, electrical and microwave/terahertz dielectric properties of novel tetragonal scheelite structure NaSrLnMo3O12 (Ln = Ce, Pr, Eu, Y, Yb) ceramics for antenna application","1School of Environmental and Material Engineering, Yantai University, Yantai 264005, China; 2School of Electronics and Information Technology, Sun Yat-sen University, Guangzhou 510006, China; 3Suzhou Laboratory, Suzhou 215128, China; 4Shandong Key Laboratory of Advanced Structural Materials Genome Engineering, Yantai University, Yantai 264005, China"
10.26599/JAC.2025.9221180,Unlocking the electro–optic potential of ferroelectrics: advanced domain and phase manipulation,"1School of Integrated Circuits, Engineering Research Center for Functional Ceramics, Ministry of Education, Wuhan National Laboratory for Optoelectronics, Optical Valley Laboratory, Huazhong University of Science and Technology, Wuhan 430074, China; 2Department of Physics, University of Science and Technology Beijing, Beijing 100083, China; 3Yunnan Key Laboratory of Electromagnetic Materials and Devices, National Center for International Research on Photoelectric and Energy Materials, School of Materials and Energy, Yunnan University, Kunming 650091, China; 4School of Advanced Materials and Na"
10.26599/JAC.2025.9221181,Mechanically robust SiC aerogel with both electromagnetic absorption and pollutant adsorption via microtube/nanowire structure design,"College of Materials Science and Engineering, Huaqiao University, Xiamen 361021, China"
10.26599/JAC.2025.9221182,A novel two-step sintering strategy for highly transparent AlON ceramics by combination of ultra-fast high-temperature sintering followed by conventional sintering,"1Department of Materials Science and Engineering, Dalian Maritime University, Dalian 116026, China; 2Technical Institute of Physics and Chemistry, Chinese Academy of Sciences, Beijing 100080, China"
10.26599/JAC.2025.9221183,Achieving positive temperature-dependent thermal conductivity in multicomponent nitrides via phonon–electron synergistic regulation,"1Institute for Advanced Ceramics, School of Materials Science and Engineering, Harbin Institute of Technology, Harbin 150080, China; 2Chongqing Research Institute, Harbin Institute of Technology, Chongqing 401135, China"
10.26599/JAC.2025.9221185,Low-temperature sintering ZTA ceramics with CuO–TiO2–Nb2O5 composite oxide sintering aids for LTCC applications,"1School of Materials Science and Engineering, Shanghai University, Shanghai 200444, China; 2State Key Laboratory of High Performance Ceramics and Superfine Microstructure, Shanghai Institute of Ceramics, Chinese Academy of Sciences, Shanghai 201899, China"
10.26599/JAC.2025.9221186,Energy efficient sintering of high-performance ceramics,"1State Key Laboratory for Mechanical Behavior of Materials, School of Materials Science and Engineering, Xi’an Jiaotong University, Xi’an 710049, China; 2Guangdong Provisional Key Laboratory of Functional Oxide Materials and Devices, Southern University of Science and Technology, Shenzhen 518055, China; 3School of Energy and Power Engineering, Xi’an Jiaotong University, Xi’an 710049, China; 4Department of Materials Science and Engineering & Shenzhen Engineering Research Center for Novel Electronic Information Materials and Devices, Southern University of Science and Technology, Shenzhen 518055"
10.26599/JAC.2025.9221188,"Nitrogen-induced stacking fault energy reduction enables spinodal-decomposition-driven toughening in (Ti,Zr)C ceramics","1Key Laboratory for Liquid‒Solid Structural Evolution and Processing of Materials (Ministry of Education), Shandong University, Jinan 250061, China; 2School of Materials Science and Engineering, Zhengzhou University, Zhengzhou 450001, China"
10.26599/JAC.2025.9221189,Orbital hybridization and charge distribution modulation in MOF-derived carbon materials for tailored electromagnetic attenuation,"1College of Operational Support, Rocket Force University of Engineering, Xi’an 710025, China; 2State Key Laboratory of Solidification Processing, School of Material Science and Engineering, Northwestern Polytechnical University, Xi’an 710072, China; 3College of Material Science and Engineering, Zhengzhou University, Zhengzhou 450001, China"
10.26599/JAC.2025.9221190,Bamboo-inspired fibrous monolithic high-entropy carbide ceramics with enhanced toughness and thermal insulation performance,"School of Materials, Shenzhen Campus of Sun Yat-sen University, Shenzhen 518107, China"
10.26599/JAC.2025.9221184,Revisiting 1 GPa alumina ceramics,"State Key Lab of New Ceramic Materials, School of Materials Science and Engineering, Tsinghua University, Beijing 100084, China"
10.26599/JAC.2025.9221193,Breaking the 3000 °C melting temperature barrier of oxide ceramics,"1School of Materials Science and Engineering, Zhengzhou University, Zhengzhou 450001, China; 2National Key Laboratory of Science and Technology on Advanced Composites in Special Environments, Center for Composite Materials and Structures, Harbin Institute of Technology, Harbin 150001, China; 3Suzhou National Laboratory, Suzhou 215000, China"
10.26599/JAC.2025.9221215,Editorial for the Special Issue on Frontiers in Advanced Ceramic Materials for Microwave Absorption,"1School of Materials Science and Engineering, Zhengzhou University, Zhengzhou 450001, China; 2Jiangxi Key Laboratory of Advanced Ceramic Materials, School of Materials Science and Engineering, Jingdezhen Ceramic University, Jingdezhen 333403, China; 3Science and Technology on Thermostructural Composite Materials Laboratory, Northwestern Polytechnical University, Xi’an 710072, China; 4School of Materials Science and Engineering, Harbin Institute of Technology, Harbin 150001, China"
10.26599/JAC.2025.9221194,"Ceramic-based electromagnetic interference shielding materials: Mechanisms, optimization strategies, and pathways to next-generation applications","1State Key Laboratory of Structural Analysis Optimization and CAE Software for Industrial Equipment, National Engineering Research Center for Advanced Polymer Processing Technology, Zhengzhou University, Zhengzhou 450002, China; 2College of Material Science and Engineering, Zhengzhou University, Zhengzhou 450001, China; 3State Key Laboratory of Solidification Processing, School of Material Science and Engineering, Northwestern Polytechnical University, Xi’an 710072, China"
10.26599/JAC.2025.9221205,Recent advances in structural engineering of ceramic microwave absorption materials: From nano/micro architectures to macroscale design,"Key Laboratory of Advanced Technologies of Materials (Ministry of Education), School of Materials Science and Engineering, Southwest Jiaotong University, Chengdu 610031, China"
10.26599/JAC.2025.9221150,Interface-engineered decoupled conductivity and relaxation: Synergistic modulation of Debye-parameters in N-doped SiO2/MXene broadband wave-absorbing materials,"1School of Materials Science and Engineering, Harbin Institute of Technology Weihai, Weihai 264009, China; 2State Key Laboratory of Precision Welding & Joining of Materials and Structures, Harbin Institute of Technology, Harbin 150001, China; 3School of Materials Science and Engineering, Harbin Institute of Technology, Harbin 150001, China; 4MIIT Key Laboratory of Advanced Structural-Functional Integration Materials & Green Manufacturing Technology, Harbin Institute of Technology, Harbin 150001, China"
10.26599/JAC.2025.9221163,Electromagnetic collaborative optimization of DyFe-MOFs derivatives for ultra-thin electromagnetic wave absorption,"1School of Materials Science and Engineering, Yancheng Institute of Technology, Yancheng 224051, China; 2College of Environment and Chemical Engineering, Nanchang Hangkong University, Nanchang 330063, China; 3School of Materials Science and Engineering, Guilin University of Electronic Technology, Guilin 541004, China"
10.26599/JAC.2025.9221164,Transition/rare earth metal co-modified SiC for low-frequency and high-temperature electromagnetic response,"Jiangxi Key Laboratory of Advanced Ceramic Materials, School of Materials Science and Engineering, Jingdezhen Ceramic University, Jingdezhen 333403, China"
10.26599/JAC.2025.9221172,Intelligent design of multifunctional graphene-based aerogels for ultra-broadband microwave absorption,"1Tianmushan Laboratory, Beihang University, Hangzhou 311115, China; 2School of Materials Science and Engineering, Beihang University, Beijing 100191, China; 3Shenyang Aircraft Design and Research Institute, Aviation Industry Corporation of China, Shenyang 110035, China"
10.26599/JAC.2025.9221177,Boosting microwave attenuation in high-entropy carbide ceramics via magnetic Co incorporation and microstructural engineering,"School of Physics and Materials Science, Guangzhou University, Guangzhou 510006, China; † Saidi Wang and Yimin Ouyang contributed equally to this work."
10.26599/JAC.2025.9221187,Hierarchical interface-engineered magnetic graphene‒SiCN aerogels via a stepwise confinement strategy for low-frequency and broadband microwave absorption,"School of Chemistry and Materials Science, Jiangsu Key Laboratory of New Energy Devices and Interface Science, Nanjing University of Information Science & Technology, Nanjing 210044, China"
10.26599/JAC.2025.9221191,Electronic structure and absorption mechanism of Fe-doped Y0.9Sr0.1CoO3 perovskite microwave absorbers,"1College of Materials Science and Technology, Nanjing University of Aeronautics and Astronautics, Nanjing 211100, China; 2Beijing Xinghang Electromechanical Equipment Co., Ltd., Beijing 100074, China"
10.26599/JAC.2025.9221200,Surface magnetic regulation in carbon microspheres induced by melamine to increase electromagnetic wave absorption,"1Laboratory of Advanced Materials, Shanghai Key Lab of Molecular Catalysis and Innovative Materials, State Key Laboratory of Coatings for Advanced Equipment, College of Smart Materials and Future Energy, Fudan University, Shanghai 200438, China; 2School of Materials Science and Engineering, Tongji University, Shanghai 201804, China; 3Department of Chemistry, Fudan University, Shanghai 200438, China; 4Institute of Solar Energy, Shanghai University of Electric Power, Shanghai 200090, China"
10.26599/JAC.2025.9221202,Vacancy-mediated electromagnetic loss tuning in Cr-doped lanthanum manganite perovskites for broadband and high-intensity microwave absorption,"School of Materials Science and Engineering, Harbin Institute of Technology (Weihai), Weihai 264209, China"
10.26599/JAC.2025.9221208,Liquid metal modified hexagonal boron nitride flakes for efficient electromagnetic wave absorption and thermal management,"1State Key Laboratory of Solid Lubrication, Lanzhou Institute of Chemical Physics, Chinese Academy of Sciences, Lanzhou 730000, China; 2Shandong Laboratory of Advanced Materials and Green Manufacturing at Yantai, Yantai 264006, China; 3Center of Materials Science and Optoelectronics Engineering, University of Chinese Academy of Sciences, Beijing 100049, China; 4School of Materials Science and Engineering, Harbin Institute of Technology at Weihai, Weihai 264209, China; 5Guangxi Key Laboratory of Optical and Electronic Material and Devices, School of Materials Science and Engineering, Guilin Uni"
10.26599/JAC.2025.9221209,Tailoring sulfur/nitrogen co-doping configuration in MXene nanoribbon/nanosheet composite for high-performance electromagnetic wave absorption,"1State Key Laboratory of Tropic Ocean Engineering Materials and Materials Evaluation, School of Materials Science and Engineering, Beihang University, Beijing 100191, China; 2Tianmushan Laboratory, Hangzhou 310023, China; † Zhenrong Cui and Xufeng Li contributed equally to this work."
10.26599/JAC.2025.9221210,Carbon nanofibers with small-sized Co nanoparticles and structural defects via a confined-coordination growth strategy toward electromagnetic wave absorption,"1School of Chemistry and Chemical Engineering, Northwestern Polytechnical University, Xi’an 710129, China; 2School of Marine Science and Technology, Northwestern Polytechnical University, Xi’an 710072, China; 3School of Electrical Engineering, Xi’an University of Technology, Xi’an 710048, China; † Qianqian Wu and Zhonglei Ma contributed equally to this work."
10.26599/JAC.2025.9221211,Multifunctional Bi2Se3 ceramic nanosheets compatible variable capacitor and tunable EMI shielding,"1School of Physics and Optoelectronic Engineering, Beijing University of Technology, Beijing 100124, China; 2College of Mathematics and Physics, Beijing University of Chemical Technology, Beijing 100029, China; 3501 Department, Xi’an Research Institute of High-Tech, Xi’an 710025, China; 4Security precautions department, Zhejiang Police Vocational Academy, Hangzhou 310018, China"
10.26599/JAC.2025.9221212,Engineering impedance-matched double-shells in hollow Co/carbon microspheres with gradient graphitization for high-efficiency electromagnetic wave absorption,"1MIIT Key Laboratory of Critical Materials Technology for New Energy Conversion and Storage, School of Chemistry and Chemical Engineering, Harbin Institute of Technology, Harbin 150001, China; 2Henan Key Laboratory of High Performance Carbon Fiber Reinforced Composites, Institute of Carbon Matrix Composites, Henan Academy of Sciences, Zhengzhou 450046, China"
10.26599/JAC.2025.9221213,Hierarchical SiBCNFe composite ceramics enabling broadband electromagnetic wave absorption and corrosion resistance,"1MOE Key Lab of Materials Physics and Chemistry in Extraordinary Conditions and Shaanxi Key Laboratory of Macromolecular Science and Technology, School of Chemistry and Chemical Engineering, Northwestern Polytechnical University, Xi’an 710072, China; 2Ningbo Institute of Northwestern Polytechnical University, Ningbo 315103, China"
10.26599/JAC.2025.9221214,Ordered cellular 2D/2D biomass-derived carbon nanosheet/MXene aerogels for ultralight and high-performance microwave absorption,"1School of Materials Science and Chemical Engineering, Xi’an Technological University, Xi’an 710021, China; 2The First Representative Office Stationed in Beijing of KJDS, Beijing 100854, China; 3Hubei Sanjiang Aerospace Hongyang Electromechanical Co., Ltd., Xiaogan 432000, China; 4Institute of Optoelectronics, Fudan University, Shanghai 200433, China; 5National Key Laboratory of Scattering and Radiation, Beijing 100854, China; 6School of Electronic Science & Engineering, Nanjing University, Nanjing 210023, China; 7School of Materials Science and Engineering, Shaanxi University of Science and T"
10.26599/JAC.2025.9221152,"Design strategies for high entropy materials in water electrolysis: Enhancing activity, stability, and reaction kinetics","1School of Materials Science and Engineering, Shanghai University, Shanghai 200444, China; 2Baowu Clean Energy Co., Ltd., Shanghai 201900, China; 3School of Materials Science and Engineering, University of New South Wales, New South Wales 2052, Australia; 4School of Chemical Engineering, University of New South Wales, New South Wales 2052, Australia; 5Australian Research Council Centre of Excellence for Carbon Science and Innovation, University of New South Wales, New South Wales 2052, Australia"
10.26599/JAC.2025.9221151,"Nature-inspired (Ti,Zr,Hf)C/SiC micro-nano composites with enhanced ablation resistance through a Gobi Desert-like protective oxide layer","1State Key Laboratory of Powder Metallurgy, Central South University, Changsha 410083, China; 2Hunan Jinyu Advanced Materials Co., Ltd., Changsha 410200, China"
10.26599/JAC.2025.9221153,Sc3+-modified Mg–Al–Mn–Fe–O spinel ceramics with co-enhanced microwave dielectric and thermosensitive properties for multifunctional applications,"1Key Laboratory of Functional Materials and Devices for Special Environmental Conditions (Chinese Academy of Sciences), Xinjiang Key Laboratory of Electronic Information Materials and Devices, Xinjiang Technical Institute of Physics & Chemistry, Chinese Academy of Sciences, Urumqi 830011, China; 2Center of Materials Science and Optoelectronics Engineering, University of Chinese Academy of Sciences, Beijing 100049, China; † Wenyuan Li and Yue Xian contributed equally to this work."
10.26599/JAC.2025.9221154,Plasma-sprayed Al2O3–ZrO2 composite coatings with nano-eutectic structures for wear protection: A novel strategy based on feedstock powder design,"1National Key Laboratory of Science and Technology on Advanced Composites in Special Environments, Center for Composite Materials and Structures, Harbin Institute of Technology, Harbin 150001, China; 2School of Materials Science and Engineering, University of Jinan, Jinan 250022, China; 3National Key Laboratory for Remanufacturing, Army Academy of Armored Forces, Beijing 100072, China; 4School of Material Science and Engineering, Harbin Institute of Technology, Harbin 150001, China; 5MIIT Key Laboratory of Aerospace Bearing Technology and Equipment, Harbin Institute of Technology, Harbin 15000"
10.26599/JAC.2025.9221155,Integrated design of multifunctional paraffin-impregnated porous ceramic metastructures for electromagnetic wave absorption and thermal management,"1School of Materials Science and Engineering, Shandong University of Technology, Zibo 255049, China; 2Key Laboratory of Special Functional Aggregated Materials, Ministry of Education, Shandong University, Jinan 250061, China; 3Department of Industrial Engineering, University of Padova, Padua 35131, Italy; 4Department of Materials Science and Engineering, Pennsylvania State University, University Park 16802, USA"
10.26599/JAC.2025.9221156,Pore-coexisting BaAl2O4–LuAG:Ce composite phosphor ceramics for solid-state lighting,"1State Key Laboratory of High Performance Ceramics, Shanghai Institute of Ceramics, Chinese Academy of Sciences, Shanghai 201899, China.; 2Center of Materials Science and Optoelectronics Engineering, University of Chinese Academy of Sciences, Beijing 100049, China; 3College of Materials Science and Engineering, Luoyang Institute of Technology, Luoyang 471023, China; 4Department of Physics, Faculty of Science, King Mongkut's University of Technology Thonburi, Bangkok 10140, Thailand"
10.26599/JAC.2025.9221157,Synergistic effect of sulfur atoms and ordered oxygen vacancies to enhance Fe2O3 bifunctional electrocatalytic water splitting activity,"1Key Laboratory of Interface Science and Engineering in Advanced Materials, Taiyuan University of Technology, Taiyuan 030024, China; 2College of Materials Science and Engineering, Taiyuan University of Technology, Taiyuan 030024, China; 3Sci-Tech Information and Strategic Research Center of Shanxi Province, Taiyuan 030027, China"
10.26599/JAC.2025.9221158,"Glass-crystallized far-red-emitting ceramics for high-power, spectrally matched plant-growth light sources","1Institute of Light+X Science and Technology, College of Information Science and Engineering, Ningbo University, Ningbo 315211, China; 2College of Optical Science and Engineering, Zhejiang University, Hangzhou 310027, China"
10.26599/JAC.2025.9221159,Machine learning-guided discovery of stable low-work-function perovskite oxides for advanced catalysis and energy technologies,"State Key Laboratory of Solidification Processing, School of Materials Science and Engineering, Northwestern Polytechnical University, Xi’an 710072, China"
10.26599/JAC.2025.9221160,Negligible-hysteresis piezoceramic achieved by multiphase assisting and domain configuration manipulating,"1College of Big Data and Information Engineering, Guizhou University, Guiyang 550025, China; 2School of Optical and Electronic Information, Huazhong University of Science and Technology, Wuhan 430074, China; 3Guiyang Vocational and Technical College, Guiyang 550081, China; 4College of Materials and Metallurgy, Guizhou University, Guiyang 550025, China; 5College of Materials Science and Engineering, Guilin University of Technology, Guilin 541004, China; 6Wenzhou Institute of Advanced Manufacturing Technology, Wenzhou 325000, China; 7School of Instrumentation Science and Engineering, Harbin Inst"
10.26599/JAC.2025.9221161,Modified low molecular weight polyacrylic acid as a dispersant for spontaneous coagulation casting of alumina ceramics,"1Shanghai Institute of Ceramics, Chinese Academy of Sciences, Shanghai 200050, China; 2Center of Materials Science and Optoelectronics Engineering, University of Chinese Academy of Sciences, Beijing 100049, China"
10.26599/JAC.2025.9221162,A scalable method allows for the rapid fabrication of C/SiC composites with excellent mechanical properties and ablation resistance,"1National Key Laboratory of Science and Technology on Advanced Composites in Special Environments, and Center for Composite Materials and Structures, Harbin Institute of Technology, Harbin 150080, China; 2Beijing Power Machinery Institute, HIWING Technology Academy of China Aerospace Science and Industry Corporation, Beijing 100074, China"
10.26599/JAC.2025.9221165,Multi-element doped SrFeO3-based cathodes with balanced thermal expansion for proton-conducting solid oxide fuel cells,"1School of Materials Science and Engineering, Yancheng Institute of Technology, Yancheng 224051, China; 2School of Resource Environment and Safety Engineering, University of South China, Hengyang 421001, China"
10.26599/JAC.2025.9221167,Ultra-high energy harvester performance in KNN-based textured piezoceramics via multiscale reconfiguration design,"Key Laboratory of Advanced Civil Engineering Materials of Ministry of Education, Functional Materials Research Laboratory, School of Materials Science and Engineering, Tongji University, Shanghai 201804, China"
10.26599/JAC.2025.9221168,Rational high-entropy doping strategy via modular in situ/post solvothermal doping integration for microwave absorption,"1National Key Laboratory of Precision Welding and Joining of Materials and Structures, Harbin Institute of Technology, Harbin 150001, China; 2School of Materials Science and Engineering, Harbin Institute of Technology, Harbin 150001, China; 3MIIT Key Laboratory of Advanced Structural-Functional Integration Materials & Green Manufacturing Technology, Harbin Institute of Technology, Harbin 150001, China"
10.26599/JAC.2025.9221169,Glass network engineering of yellow-emitting Ba2Sc2B4O11:Ce3+ glass ceramics for full-spectrum lighting,"1College of Physics and Energy, Fujian Provincial Key Laboratory of Quantum Manipulation and New Energy Materials, Fujian Normal University, Fuzhou 350117, China; 2College of Materials & Environmental Engineering, Hangzhou Dianzi University, Hangzhou 310018, China; 3Huzhou Key Laboratory of Materials for Energy Conversion and Storage, College of Science, Huzhou University, Huzhou 313000, China; 4School of Chemistry and Chemical Engineering, Key Laboratory of Theoretical Organic Chemistry and Functional Molecule of Ministry of Education, Hunan University of Science and Technology, Xiangtan 4112"
10.26599/JAC.2025.9221170,Stabilization mechanism of antiferroelectric Pnma phase and low-field reversible phase transition in sodium niobate-based ceramics,"1Multifunctional Electronic Ceramics Laboratory, College of Engineering, Xi’an International University, Xi’an 710077, China; 2School of Materials Science and Engineering, Shaanxi Key Laboratory of Green Preparation and Functionalization for Inorganic Materials, Shaanxi University of Science and Technology, Xi’an 710021, China; 3Department of Materials and Earth Sciences, Technical University of Darmstadt, Darmstadt 64287, Germany"
10.26599/JAC.2025.9221166,The onset mechanism of flash sintering in Al2O3–8YSZ composites,"1School of Materials Science and Engineering, Southwest Jiaotong University, Chengdu 610031, China; 2School of Mechanics and Aerospace Engineering, Southwest Jiaotong University, Chengdu 611756, China; 3Sichuan Province Key Laboratory of Advanced Structural Materials Mechanical Behavior and Service Safety, Southwest Jiaotong University, Chengdu 611756, China; 4State Key Laboratory of Solidification Processing, Northwestern Polytechnical University, Xi’an 710072, China; 5Institute of Advanced Structure Technology, Beijing Institute of Technology, Beijing 100081, China"
10.26599/JAC.2025.9221132,A novel highly porous dual-phase high-entropy ultrahigh-temperature ceramic with outstanding properties,"1Shenyang National Laboratory for Materials Science, Institute of Metal Research, Chinese Academy of Sciences, Shenyang 110016, China; 2School of Materials Science and Engineering, University of Science and Technology of China, Hefei 230026, China"
10.26599/JAC.2025.9221133,Densification of water-insoluble Li2TiO3 nanoceramics via a cold sintering process using water as a transient liquid phase,"1School of Mechanical Engineering, Chengdu University, Chengdu 610064, China; 2Institute for Advanced Study, Chengdu University, Chengdu 610106, China; 3College of Physics, Sichuan University, Chengdu 610064, China; 4Taihang National Laboratory, Chengdu 610213, China"
10.26599/JAC.2025.9221134,Mechanism-driven strengthening of MAX phase ceramics by Ti3C2Tx MXene: A comparative study on Cr2AlC and Ta2AlC,"1Department of Engineering Mechanics, College of Mechanics and Engineering Science, Hohai University, Nanjing 211100, China; 2School of Materials Science and Engineering, Southeast University, Nanjing 211189, China; 3College of Materials Science and Engineering, Hohai University, Nanjing 210098, China"
10.26599/JAC.2025.9221135,Multi-heterointerface lightweight ceramics achieving temperature-insensitive dielectric properties for high-temperature electromagnetic wave effective absorption,"1Zhijian Laboratory, Rocket Force University of Engineering, Xi’an 710025, China; 2State Key Laboratory of Solidification Processing, School of Material Science and Engineering, Northwestern Polytechnical University, Xi’an 710072, China"
10.26599/JAC.2025.9221136,Low loss and temperature-stable Y3MgAl3GeO12 microwave dielectric ceramics for X-band applications,"1Key Laboratory of New Processing Technology for Nonferrous Metal and Materials, Ministry of Education, Guangxi Key Laboratory of Optical and Electronic Materials and Devices, School of Materials Science and Engineering, Guilin University of Technology, Guilin 541004, China; 2Key Laboratory of Multifunctional Materials and Structures, Ministry of Education, School of Electronic Science and Engineering, Xi’an Jiaotong University, Xi’an 710049, China"
10.26599/JAC.2025.9221137,Core-cladding-like phosphor ceramic wafer: A path to ultrahigh luminance,"1Fujian Provincial Key Laboratory of Surface and Interface Engineering for High Performance Materials, Xiamen University, Xiamen 361005, China; 2State Key Laboratory of Physical Chemistry of Solid Surfaces, Xiamen University, Xiamen 361005, China; † Yifeng Lai and Jiaochun Zheng contributed equally to this work."
10.26599/JAC.2025.9221138,Investigation of the effects of heteroatom doping on von-Alpen-type NASICON electrolytes and its applications to solid-state sodium batteries,"1Emerging Materials R & D Division, Korea Institute of Ceramic Engineering and Technology (KICET), Jinju 52851, Republic of Korea; 2Department of Materials Science and Engineering, Korea University, Seoul 02841, Republic of Korea; 3Department of Materials Science and Engineering, Ajou University, Suwon 16499, Republic of Korea; 4Department of Energy Systems Research, Ajou University, Suwon 16499, Republic of Korea; † Gunhee Park and Dong Won Jeon contributed equally to this work."
10.26599/JAC.2025.9221139,Design and evaluation of multilayer Yb4Hf3O12-based T/EBCs with enhanced thermal stability for high-temperature applications,"1Key Laboratory of Inorganic Coating Materials CAS, Shanghai Institute of Ceramics, Chinese Academy of Sciences, Shanghai 200050, China; 2Center of Materials Science and Optoelectronics Engineering, University of Chinese Academy of Sciences, Beijing 100049, China"
10.26599/JAC.2025.9221140,Flashing digital light processing based functionally graded additive manufacturing of zirconia dental crowns with simultaneous color and translucency gradation,"1University of Science and Technology (UST), Daejeon 34113, Republic of Korea; 2Advanced Bio and Healthcare Materials Research Division, Korea Institute of Materials Science (KIMS), Changwon 51508, Republic of Korea"
10.26599/JAC.2025.9221141,Photoluminescence and optical temperature sensing properties of Gd3Al3Ga2O12:Pr3+ garnet transparent ceramics,"1School of Advanced Materials and Nanotechnology, Xidian University, Xi’an 710126, China; 2School of Materials Science and Engineering, Northwestern Polytechnical University, Xi’an 710072, China; 3Institute of Flexible Electronics (IFE), Northwestern Polytechnical University, Xi’an 710072, China"
10.26599/JAC.2025.9221142,Humidity-assisted scalable production of colossal crack-free ceramics for electromechanical applications,"1School of Engineering Science, Shandong Xiehe University, Jinan 250107, China; 2College of Physics and Information Engineering, Fuzhou University, Fuzhou 350116, China; † Yiping Bao and Jiachang Zhuang contributed equally to this work."
10.26599/JAC.2025.9221143,High-oxygen vacancy cerium catalysts with NiFe alloy heterostructures: A pathway for efficient and stable biomass ethanol fuel tubular solid oxide fuel cells,"1School of Materials Science and Physics, China University of Mining and Technology, Xuzhou 221116, China; 2School of Energy and Power Engineering, Jiangsu University of Science and Technology, Zhenjiang 212003, China; † Tian Li and Yujing Yang contributed equally to this work."
10.26599/JAC.2025.9221144,Construction of hydroxyapatite bioceramics with biomimetic structures by weak magnetic field-assisted 3D printing,"College of Mechanical and Electrical Engineering, Shaanxi University of Science and Technology, Xi’an 710021, China"
10.26599/JAC.2025.9221145,"Direct experimental validation on the crystal structure, chemical bonding, and magnetic properties of CrB2","School of Materials Science and Engineering, Zhengzhou University, Zhengzhou 450001, China"
10.26599/JAC.2025.9221146,Achieving ultra-low thermal expansion and excellent microwave dielectric properties in osumilite-type BaMg2Al6Si9−xGexO30 ceramics,"1School of Microelectronics, Wuhan Textile University, Wuhan 430200, China; 2Hubei Provincial Engineering Research Center for Wide-Bandgap Semiconductor Materials and Devices, Wuhan Textile University, Wuhan 430200, China; 3School of Electronic Information and Artificial Intelligence, Shaanxi University of Science and Technology, Xi’an 710021, China; 4School of Optical and Electronic Information, Key Lab of Functional Materials for Electronic Information (B) of MOE, Huazhong University of Science and Technology, Wuhan 430074, China; 5Wenzhou Advanced Manufacturing Institute, Zhejiang Key Lab o"
10.26599/JAC.2025.9221147,Consolidation of monolithic ceramics and metals via electric field-controlled sintering: Revealing athermal effects on microstructures and properties,"1State Key Laboratory of New Ceramic Materials, School of Materials Science and Engineering, Tsinghua University, Beijing 100084, China; 2Beijing Advanced Innovation Center for Materials Genome Engineering, Institute for Advanced Materials and Technology, University of Science and Technology Beijing, Beijing 100083, China"
10.26599/JAC.2025.9221148,Defect engineering in Mg2+ co-doped LuAG:Ce ceramics: Towards ultrahigh fast scintillation proportion,"1State Key Laboratory of High Performance Ceramics, Shanghai Institute of Ceramics, Chinese Academy of Sciences, Shanghai 201899, China; 2Center of Materials Science and Optoelectronics Engineering, University of Chinese Academy of Sciences, Beijing 100049, China; 3Institute of Physics of the Czech Academy of Sciences, Prague 16200, Czech Republic"
10.26599/JAC.2025.9221149,Regulation of the temperature stability in ordered olivine microwave dielectric ceramics with low loss for dielectric resonant antenna,"1College of Physics and Electronic Information Engineering, Guilin University of Technology, Guilin 541004, China; 2Guangxi Universities Key Laboratory of Non-Ferrous Metal Oxide Electronic Functional Materials and Devices, Guilin University of Technology, Guilin 541004, China; 3School of Mechanical Engineering, Guilin University of Aerospace Technology, Guilin 541004, China"
10.26599/JAC.2025.9221114,In-situ growth of MOFs on porous geopolymer spheres for continuous-flow PMS degradation of antibiotics,"1Key Laboratory of Superlight Materials and Surface Technology, Ministry of Education, College of Materials Science and Chemical Engineering, Harbin Engineering University, Harbin 150001, China; 2Department of Mechanical Engineering, City University of Hong Kong, Hong Kong 999077, China; 3Joint Key Laboratory of the Ministry of Education, Institute of Applied Physics and Materials Engineering, University of Macau, Avenida da Universidade, Macau 999078, China; 4School of Materials Science and Engineering, Lanzhou University of Technology, Lanzhou 730050, China; 5School of Chemistry and Chemical"
10.26599/JAC.2025.9221115,Interface-engineering to boost the performance and durability of nickel-metal-supported reversible proton ceramic cells for power generation and hydrogen production,"State Key Laboratory of Materials Processing and Die & Mould Technology, School of Materials Science and Engineering, Huazhong University of Science and Technology, Wuhan 430074, China"
10.26599/JAC.2025.9221116,Cu+-doped oxyfluoride glass with anti-thermal-quenching luminescence for X-ray imaging and WLED,"Department of Physics, Zhejiang Normal University, Jinhua 321004, China"
10.26599/JAC.2025.9221117,Machine learning assisted prediction for the coefficient of thermal expansion of binary crystals,"1School of Advanced Materials and Nanotechnology, Xidian University, Xi’an 710126, China; 2School of Life Science and Technology, Xidian University, Xi’an 710071, China; 3School of Artificial Intelligence, Xidian University, Xi’an 710071, China; 4School of Telecommunications Engineering, Xidian University, Xi’an 710071, China; 5National Key Laboratory of Wide Bandgap Semiconductor Devices and Integrated Technology, Xidian University, Xi’an 710071, China"
10.26599/JAC.2025.9221118,Self-reduction-induced Mn heterovalent coexistence for Vis–NIR dual-emission,"1Engineering Research Center of Ministry of Education for Geological Carbon Storage and Low Carbon Utilization of Resources, Beijing Key Laboratory of Materials Utilization of Nonmetallic Minerals and Solid Wastes, National Laboratory of Mineral Materials, Hebei Key Laboratory of Resource Low-carbon Utilization and New Materials, School of Materials Science and Technology, China University of Geosciences (Beijing), Beijing, 100083, China; 2Department of Materials Science and Engineering, Southern University of Science and Technology, Shenzhen 518055, China; 3Chemistry and Chemical Engineering "
10.26599/JAC.2025.9221119,Sn and Ce co-doping regulate phase structure of NaNbO3: Double hysteresis loop and electro-strain,"1School of Mechanical and Electronic Engineering, Jingdezhen University, Jingdezhen 333403, China; 2Jiangxi Key Laboratory of Advanced Ceramic Materials, Jingdezhen 333403, China; 3School of Materials Science and Engineering, University of Science and Technology Beijing, Beijing 100083, China; 4College of Material and Chemical Engineering, Tongren University, Tongren 554300, China"
10.26599/JAC.2025.9221120,Toughening and high-temperature self-lubricating of high-entropy boride ceramics through h-BN,"1School of Civil Engineering, Lanzhou 730124, China; 2Key Laboratory of Green Engineering Materials and Low-carbon Construction of Gansu Province, Northwest Minzu University, Lanzhou 730124, China; 3State Key Laboratory of Solid Lubrication, Chinese Academy of Sciences, Lanzhou 730000, China"
10.26599/JAC.2025.9221121,Tribocatalytic recycling of lithium-ion batteries,"1Key Laboratory of New Processing Technology for Nonferrous Metal & Materials, Ministry of Education, College of Materials Science and Engineering, Guilin University of Technology, Guilin 541004, China; 2Collaborative Innovation Centre for Exploration of Nonferrous Metal Deposits and Efficient Utilization of Resources in Guangxi, Guangxi Key Laboratory of Optical and Electronic Materials and Devices, Guilin University of Technology, Guilin 541004, China; 3College of Physics and Electronic Information Engineering, Guilin University of Technology, Guilin 541004, China; 4Institute for Superconduc"
10.26599/JAC.2025.9221122,Synergistic enhancement of crystallinity and transparency in Tb3+-doped nano-glass-ceramics for high-resolution X-ray imaging,"1College of Physics and Energy, Fujian Provincial Key Laboratory of Quantum Manipulation and New Energy Materials, Fujian Normal University, Fuzhou 350117, China; 2Huzhou Key Laboratory of Materials for Energy Conversion and Storage, College of Science, Huzhou University, Huzhou 313000, China; 3College of Photonic and Electronic Engineering, Fujian Normal University, Fuzhou 350117, China; 4Institute of Optoelectronic Materials and Devices, China Jiliang University, Hangzhou 310018, China; 5School of Chemistry and Chemical Engineering, Hunan University of Science and Technology, Xiangtan 411201"
10.26599/JAC.2025.9221123,Synthesis of high mechanical strength and excellent radiation resistance NaX zeolite microspheres via geopolymer in situ conversion and their adsorption study of 137Cs and 90Sr,"1School of Resources, Environment and Materials, State Key Laboratory of Featured Metal Materials and Life-cycle Safety for Composite Structures, MOE Key Laboratory of New Processing Technology for Nonferrous Metals and Materials, Guangxi Key Laboratory of Processing for Non-ferrous Metals and Featured Materials, Guangxi University, Nanning 530004, China; 2College of Chemistry and Materials, Nanning Normal University, Nanning 530100, China; 3School of Chemistry and Chemical Engineering, Guangxi University, Nanning 530004, China"
10.26599/JAC.2025.9221124,A reflective sapphire@PiGF@alumina color converter enabling ultrahigh luminescence laser-driven white lighting,"1School of Integrated Circuits, Shenzhen Campus of Sun Yat-Sen University, Shenzhen 518107, China; 2School of Materials Science and Engineering, Harbin Institute of Technology (Shenzhen), Shenzhen 518055, China; 3School of Aerospace Engineering, Huazhong University of Science and Technology, Wuhan 430074, China"
10.26599/JAC.2025.9221125,Toughening of silicon nitride ceramics through stress-induced phase transformation,"1State Key Laboratory of High Pressure and Superhard Materials, Synergetic Extreme Condition High-Pressure Science Center, College of Physics, Jilin University, Changchun 130012, China; 2Institute of Nuclear Physics and Chemistry, China Academy of Engineering Physics, Mianyang 621900, China"
10.26599/JAC.2025.9221126,Sintering densification driven by orientation fluctuation in textured BaTiO3 ceramics with abnormal comprehensive ferroelectric properties,"1School of Materials Science and Engineering, Harbin Institute of Technology, Harbin 150080, China; 2Key Laboratory of Advanced Structural−Functional Integration Materials & Green Manufacturing Technology, Harbin Institute of Technology, Harbin 150080, China; 3School of Materials Science and Engineering, Harbin Institute of Technology (Shenzhen), Shenzhen 518055, China; † Fangzhe Li and Huijiadai Luo contributed equally to this work."
10.26599/JAC.2025.9221127,Exceptionally wear resistant (W0.2Mo0.2Ta0.2Nb0.2Ti0.2)(C0.75N0.25) high entropy carbonitride,"1Institute of Materials Research of Slovak Academy of Sciences, Košice 04001, Slovakia; 2School of Electromechanical Engineering, Guangdong University of Technology, Guangzhou 510006, China; 3Bánki Donát Faculty of Mechanical and Safety Engineering, Óbuda University, Budapest 1081, Hungary"
10.26599/JAC.2025.9221128,A highly sensitive ammonia sensor and multifunctional monitoring system based on MoO3@Ti3C2TX(MXene) at room temperature for intelligent agriculture,"1College of Engineering and Technology, Southwest University, Chongqing 400715, China; 2State Key Laboratory of Power Grid Environmental Protection, School of Electrical Engineering and Automation, Wuhan University, Wuhan 430072, China; 3College of Materials Science and Engineering, Chongqing University, Chongqing 400044, China"
10.26599/JAC.2025.9221129,Fabrication of Sm:LuAG transparent ceramics with different doping concentrations for cladding from co-precipitated nano-powders,"1Transparent Ceramics Research Center, Shanghai Institute of Ceramics, Chinese Academy of Sciences, Shanghai 201899, China; 2School of Microelectronics, Shanghai University, Shanghai 201800, China; 3Center of Materials Science and Optoelectronics Engineering, University of Chinese Academy of Sciences, Beijing 100049, China"
10.26599/JAC.2025.9221130,Microwave-assisted synthesis of high-performance TaC nanorods for enhanced electromagnetic wave absorption,"1School of Materials Science and Engineering, Zhengzhou University, Zhengzhou 450001, China; 2School of Materials Science and Engineering, Zhengzhou University of Aeronautics, Zhengzhou 450015, China; 3Sinosteel Luoyang Institute of Refractories Research Co., Ltd., State Key Laboratory of Advanced Refractories, Luoyang 471039, China; 4Department of Chemical Engineering, University of Bath, Bath BA2 7AY, UK"
10.26599/JAC.2025.9221131,Exploiting structural benefit of double phosphate for extremely efficient near-ultraviolet light towards multiple functionality,"1Yunnan Key Laboratory of Electromagnetic Materials and Devices, National Center for International Research on Photoelectric and Energy Materials, School of Materials and Energy, Yunnan University, Kunming 650091, China; 2Key Laboratory of Rare Earth Optoelectronic Materials and Devices of Zhejiang Province, College of Optical and Electronic Technology, China Jiliang University, Hangzhou 310018, China; 3College of Mechanical and Electrical Engineering, Fujian Agriculture and Forestry University, Fuzhou 350002, China; 4Electron Microscopy Center, Yunnan University, Kunming 650091, China"
10.26599/JAC.2025.9221096,Realizing negative thermal expansion over an extended temperature range in PbTiO3-based perovskites,"1Beijing National Laboratory for Condensed Matter Physics, Institute of Physics, Chinese Academy of Sciences, Beijing 100190, China; 2Faculty of Applied Sciences, Macao Polytechnic University, Macao 999078, China; 3Laboratory for Materials and Structures, Tokyo Institute of Technology, Yokohama 226-8503, Japan; 4Kanagawa Institute of Industrial Science and Technology (KISTEC), Kanagawa 243-0435, Japan; 5Research and Utilization Division, Japan Synchrotron Radiation Research Institute (JASRI), Hyōgo 679-5198, Japan; 6Songshan Lake Materials Laboratory, Dongguan 523808, China"
10.26599/JAC.2025.9221097,Unveiling the mechanism of substitution-induced high piezoelectric performance in PLZT ceramics,"1School of Engineering and Materials Science, Queen Mary University of London, London E1 4NS, UK; 2Institute of Materials Research, Slovak Academy of Sciences, Kosice 040 01, Slovakia"
10.26599/JAC.2025.9221098,Additive manufacturing of graphene oxide-doped SiOC/Si3N4 photothermal functional bioceramic scaffolds through stereolithography technology,"1School of Mechanical and Electrical Engineering, Shandong Jianzhu University, Jinan 250101, China; 2Center of Stomatological, The Second Hospital, Cheeloo College of Medicine, Shandong University, Jinan 250033, China; 3Additive Manufacturing Research Center of Shandong University of National Engineering Research Center of Rapid Manufacturing, Jinan 250061, China; 4Centre for Advanced Jet Engineering Technologies (CaJET), School of Mechanical Engineering, Shandong University, Jinan 250061, China"
10.26599/JAC.2025.9221099,Unraveling the atomic-scale mechanisms of hydrogen defects behavior in yttria-stabilized tetragonal zirconia by first principles calculation,"1School of Materials Science and Engineering, Shanghai University, Shanghai 200444, China; 2Institute of Coating Technology for Hydrogen Gas Turbines, Liaoning Academy of Materials, Shenyang 110004, China; 3Jiangxi Provincial Key Laboratory of Advanced Electronic Materials and Devices, Jiangxi Science & Technology Normal University, Nanchang 330038, China; 4College of Sciences, Nanjing Agricultural University, Nanjing 210095, China"
10.26599/JAC.2025.9221100,"Preparation, mechanical, and thermal properties of CrNbO4: A novel dual-functional scale to protect RHEAs from oxidation and thermal attack","1School of Materials Science and Engineering, Zhengzhou University, Zhengzhou 450001, China; 2Shenyang National Laboratory for Materials Science, Institute of Metal Research, Chinese Academy of Sciences, Shenyang 110016, China"
10.26599/JAC.2025.9221101,Gradient tri-layered TGOs in MoSi2/HfO2 duplex EBCs for effective protection of SiC substrate against steam corrosion at 1500 °C for 200 h,"1Key Laboratory for Liquid‒Solid Structural Evolution and Processing of Materials (Ministry of Education), School of Materials Science and Engineering, Shandong University, Jinan 250061, China; 2Xinjiang Key Laboratory of High Value Green Utilization of Low-rank Coal, School of Physics and Materials Science, Changji University, Changji 831100, China; 3Institute of Materials, Shanghai University, Shanghai 200072, China; 4National Engineering Research Centre of Ceramic Matrix Composite Manufacture Technology, Xi’an Golden Mountain Ceramic Composites Co., Ltd., Xi’an 710118, China"
10.26599/JAC.2025.9221102,Oxygen vacancy-rich engineering-optimized molybdenum trioxide microbelts for room-temperature ppb-level trimethylamine detection,"1College of Mechanical Engineering, Yangzhou University, Yangzhou 225127, China; 2Jiangsu Key Laboratory of Surface Strengthening and Functional Manufacturing (Yangzhou University), Yangzhou 225127, China; 3ICB UMR 6303, CNRS, Univ. Bourgogne Franche-Comté, UTBM, Belfort 90010, France; 4Service de Science des Matériaux, Faculté Polytechnique, Université de Mons, Mons 7000, Belgium"
10.26599/JAC.2025.9221103,Designing high dielectric breakdown strategy for high-temperature capacitive energy storage and filtering performance via carrier trap mechanism,"1Key Laboratory of Advanced Electrical Functional Composites, Advanced Ceramics Research Center, School of Materials Science and Engineering, Anhui University of Technology, Ma’anshan 243002, China; 2Guangdong Provincial Key Laboratory of Electronic Functional Materials and Devices, Huizhou University, Huizhou 516007, China; 3Inner Mongolia Key Laboratory of Ferroelectric-Related New Energy Materials and Devices, School of Materials and Metallurgy, Inner Mongolia University of Science and Technology, Baotou 014010, China; 4Center for Advanced Ceramics, School of Materials Science and Engineeri"
10.26599/JAC.2025.9221104,"(Ti,Zr,Hf,Ta)CN/SiCN: A new ultrahigh-temperature ceramic nanocomposite with excellent mechanical properties and ablation resistance","State Key Laboratory of Powder Metallurgy, Central South University, Changsha 410083, China"
10.26599/JAC.2025.9221105,The synthetic mechanism of LiCoO2 from CoO and Li2CO3 under electric field,"1Institute of Advanced Structure Technology, Beijing Institute of Technology, Beijing 100081, China; 2School of Materials Science and Engineering, Zhengzhou University, Zhengzhou 450001, China"
10.26599/JAC.2025.9221106,High temperature interaction of Y4Al2O9/Y2O3 under CMAS exposure: Mechanism of outstanding corrosion resistance through composition design to accelerate reaction-induced CMAS consumption,"1Shenyang National Laboratory for Materials Science, Institute of Metal Research, Chinese Academy of Sciences, Shenyang 110016, China; 2School of Materials Science and Engineering, University of Science and Technology of China, Shenyang 110016, China; 3Institute of Coating Technology for Hydrogen Gas Turbines, Liaoning Academy of Materials, Shenyang 110016, China"
10.26599/JAC.2025.9221107,Engineering the optical properties of SrZrO3 crystals via Zn doping for superior passive daytime radiative cooling,"1Inner Mongolia Key Laboratory of New Materials and Surface Engineering, School of Materials Science and Engineering, Inner Mongolia University of Technology, Hohhot 010051, China; 2School of Chemical Engineering, Inner Mongolia University of Technology, Hohhot 010051, China; 3Inner Mongolia Academy of Science and Technology, Hohhot 010020, China"
10.26599/JAC.2025.9221108,Significantly enhanced stability and activity of a perovskite oxygen electrode for reversible protonic ceramic electrochemical cells by heterointerface engineering,"1School of Chemical Engineering & Technology, China University of Mining and Technology, Xuzhou 221116, China; 2Beijing Huairou Laboratory, Beijing 101400, China; 3School of Materials and Energy, Jiangxi Science and Technology Normal University, Nanchang 330013, China"
10.26599/JAC.2025.9221109,Small-angle Al2O3 grain boundaries achieve ultralow oxygen diffusion,"1State Key Laboratory for Mechanical Behavior of Materials, School of Materials Science and Engineering, Xi’an Jiaotong University, Xi’an 710049, China; 2Xi'an Space Engine Company Limited in China Aerospace Science and Technology Corporation, Xi’an 710065, China"
10.26599/JAC.2025.9221110,Novel medium-entropy Ca3(Co0.25Zn0.25Mg0.25Cu0.25)2SiV2O12 microwave dielectric ceramics with high Q×f and near-zero τf,"Advanced Ceramics Research Center, School of Materials Science and Engineering, Anhui University of Technology, Ma’anshan 243032, China"
10.26599/JAC.2025.9221111,Enhanced thermal radiation blocking and high temperature stability of nanostructured YSZ thermal barrier coatings through carbon film coating,"1State Key Laboratory of Solidification Processing, School of Materials Science and Engineering, Northwestern Polytechnical University, Xi’an 710072, China; 2School of Materials Engineering, Xi’an Aeronautical University, Xi’an 710077, China; 3National Key Lab of Aero Space Power System and Plasma Technology, Air Force Engineering University, Xi’an 710038, China"
10.26599/JAC.2025.9221112,Joining B4C–TiB2 ceramics with Ti interlayer via spark plasma sintering: Temperature-dependent interfacial microstructure and mechanical strength,"1Advanced Ceramics Research Center, School of Materials Science and Engineering, Anhui University of Technology, Maanshan 243002, China; 2School of Aviation and Materials, Anhui Technical College of Mechanical and Electrical Engineering, Wuhu 241000, China; 3School of Materials Science and Engineering, Anhui Polytechnic University, Wuhu 241000, China"
10.26599/JAC.2025.9221113,Lightweight SiBCN-modified carbon-bonded carbon fiber composites with directional heat-leading function for efficient thermal protection,"1Institute of Advanced Structure Technology, Beijing Institute of Technology, Beijing 100081, China; 2Beijing Institute of Spacecraft System Engineering, Beijing 100094, China; 3China Academy of Aerospace Aerodynamics, Beijing 100074, China"
10.26599/JAC.2025.9221087,MXenes in triboelectric nanogenerators (TENGs): Present status and the future,"School of Materials Science and Engineering, Henan Polytechnic University, Jiaozuo 454003, China"
10.26599/JAC.2025.9221080,Controllable synthesis of alumina nanofibers with tunable crystal phases via a facile and cost-effective dealloying process,"1Center of Materials Science and Engineering, School of Mechanical and Electronic Control Engineering, Beijing Jiaotong University, Beijing 100044, China; 2Tangshan Research Institute of Beijing Jiaotong University, Tangshan 063000, China"
10.26599/JAC.2025.9221081,Room-temperature synthesis of V-doped MIL-100(Fe) bimetallic MOF with superior antibiotics removal performance through the synergistic effect from photocatalysis and Fenton reaction,"1Key Laboratory of Advanced Technologies of Materials (Ministry of Education), School of Materials Science and Engineering, Southwest Jiaotong University, Chengdu 610031, China; 2Shenyang National Laboratory for Materials Science, Institute of Metal Research, Chinese Academy of Sciences, Shenyang 110016, China; 3Yantai Research Institute, Harbin Engineering University, Yantai 264000, China"
10.26599/JAC.2025.9221082,Effect of Nd3+ and Sm3+ doping on the crystal structure and dielectric properties of Y2−xAxMgTiO6 ceramics,"1School of New Energy and Materials, Southwest Petroleum University, Chengdu 610500, China; 2National Engineering Research Center of Electromagnetic Radiation Control Materials and Key Laboratory of Multi-Spectral Absorbing Materials and Structures of Ministry of Education, University of Electronic Science and Technology of China, Chengdu 610054, China; 3Anhui Key Laboratory of Low Temperature Co-fired Materials, School of Chemistry and Materials Engineering, Huainan Normal University, Huainan 232038, China"
10.26599/JAC.2025.9221083,Photovoltaic effects of Sm/Co-modified BNKT ferroelectric semiconductor ceramics under tunable multi-fields,"1Guangxi Key Laboratory of Information Materials, School of Material Science and Engineering, Guilin University of Electronic Technology, Guilin 541004, China; 2Huazhong University of Optical and Electronic Information, Huazhong University of Science and Technology, Wuhan 430074, China"
10.26599/JAC.2025.9221084,Implanting Ag nanoparticles in SiOC ceramic nanospheres for exceptional electromagnetic wave absorption and antibacterial performance,"1School of Material Science and Engineering, Jingdezhen Ceramic University, Jingdezhen 333403, China; 2Key Laboratory of Inorganic Membrane Materials and Membrane Processes of Jiangxi Education Institutes, Jingdezhen 333403, China; 3School of Mechanical and Electronic Engineering, Jingdezhen Ceramic University, Jingdezhen 333403, China; 4School of Material Science and Engineering, Zhengjiang Sci-Tech University, Hangzhou 310018, China"
10.26599/JAC.2025.9221085,High-entropy diboride: A novel high-temperature self-lubricating ceramic with enhanced mechanical and tribological properties,"1State Key Laboratory of Solid Lubrication, Lanzhou Institute of Chemical Physics, Chinese Academy of Sciences, Lanzhou 730000, China; 2Qianwan Institute of CNITECH, Ningbo 315336, China; 3Key Laboratory of Advanced Marine Materials, Ningbo Institute of Materials Technology and Engineering, Chinese Academy of Sciences, Ningbo 315201, China; † Jicheng Li and Yunfeng Su contributed equally to this work."
10.26599/JAC.2025.9221086,Containerless-prepared bioactive glasses with mild alkalinity: Combining biocompatibility and bioactivity,"1State Key Laboratory of High Performance Ceramics and Superfine Microstructure, Shanghai Institute of Ceramics, Chinese Academy of Sciences, Shanghai 200050, China; 2Center of Materials Science and Optoelectronics Engineering, University of Chinese Academy of Sciences, Beijing 100049, China; † Yanling Zhou and Dong Zhai contributed equally to this work."
10.26599/JAC.2025.9221088,Optimizing electrocaloric effect of PbSc0.5Ta0.5O3 ceramics near/below room temperature by ordering degree modulation,"1Beijing Advanced Innovation Center for Materials Genome Engineering, Institute for Advanced Materials and Technology, University of Science and Technology Beijing, Beijing 100083, China; 2Laboratory of Advanced Materials, Shanghai Key Lab of Molecular Catalysis and Innovative Materials, Academy for Engineering & Technology, Fudan University, Shanghai 200438, China; 3Sichuan Province Key Laboratory of Information Materials and Devices Application, College of Optoelectronic Engineering, Chengdu University of Information Technology, Chengdu 610225, China; 4Zhejiang Laboratory, Hangzhou 311100, C"
10.26599/JAC.2025.9221089,Engineering directional pore structures in YSZ ceramics for superior infrared reflectance,"1School of Materials Science and Engineering, Beijing Institute of Technology, Beijing 100081, China; 2National Key Laboratory of Science and Technology on Materials under Shock and Impact, Beijing 100081, China; 3Tangshan Research Institute, Beijing Institute of Technology, Tangshan 063000, China; 4Materials Intelligent Innovation Laboratory (MIIL), Beijing Institute of Technology, Zhuhai 519088, China"
10.26599/JAC.2025.9221090,Cristobalite-suppressed Al–SiO2 ceramic coatings: DFT-guided nanoparticle design for durable oxidation resistance,"1School of Materials, Sun Yat-sen University, Shenzhen 518107, China; 2School of Materials Science and Engineering, Inner Mongolia University of Science & Technology, Baotou 014017, China; 3Guangdong Provincial Key Laboratory of Modern Surface Engineering Technology, Guangzhou 510651, China; † Hao-Jie Yan and Xian-Ze Meng contributed equally to this work."
10.26599/JAC.2025.9221091,Ultrasonic-vibration-assisted reflow machining of ceramic gels,"1State Key Laboratory of High Performance Ceramics and Superfine Microstructure, Shanghai Institute of Ceramics, Chinese Academy of Sciences, Shanghai 200050, China; 2Center of Materials Science and Optoelectronics Engineering, University of Chinese Academy of Sciences, Beijing 100049, China"
10.26599/JAC.2025.9221092,Pt decorated CoFe2O4/Co3O4 nanosheets derived from 2D Fe–Co MOF for enhanced HCHO detection,"1School of Materials Science and Engineering, Jiangsu University, Zhenjiang 212013, China; 2School of Mechanical Engineering, Jiangsu University, Zhenjiang 212013, China; 3Key Laboratory for Theory and Technology of Intelligent Agriculture Machinery and Equipment, Jiangsu University, Zhenjiang 212013, China; † Yuli Zhao and Mingyuan Wang contributed equally to this work."
10.26599/JAC.2025.9221093,"Core–shell SiCw@TiC composite whisker-reinforced Al2O3 ceramics: Preparation, properties, and toughening mechanisms","1Technology Innovation Center of Modified Plastics of Hebei Province, College of Materials Science and Engineering, Hebei University of Engineering, Handan 056038, China; 2Key Laboratory of Intelligent Industrial Equipment Technology of Hebei Province, College of Mechanical and Equipment Engineering, Hebei University of Engineering, Handan 056038, China; 3School of Civil and Mechanical Engineering, Curtin University, Perth WA6845, Australia"
10.26599/JAC.2025.9221094,Large-diameter ceramic room-temperature flash sintering technology based on new carbon electrodes,"1Engineering Laboratory of Power Equipment Reliability in Complicated Coastal Environments, Tsinghua Shenzhen International Graduate School, Tsinghua University, Shenzhen 518055, China; 2State Key Laboratory of High-Efficiency and High-Quality Conversion for Electric Power, College of Electrical and Information Engineering, Hunan University, Changsha 410082, China; 3State Key Laboratory of Power Transmission Equipment Technology, Chongqing University, Chongqing 400044, China; 4State Grid Jiangsu Electric Power Co., Ltd. Wuxi Power Supply Branch, Wuxi 214125, China; 5Electric Power Science Rese"
10.26599/JAC.2025.9221095,3D-printed polyurea-toughened Al2O3 cellular ceramic structures: Bioinspired dual-phase interpenetrating design for superior mechanical properties,"1College of Materials Science and Engineering, Taiyuan University of Technology, Taiyuan 030024, China; 2Institute of Advanced Structure Technology, Beijing Institute of Technology, Beijing 100081, China"
10.26599/JAC.2025.9221079,Advancing NASICON-type materials through high-entropy strategy: Synthesis and applications,"1School of Materials and Energy, University of Electronic Science and Technology of China, Chengdu 611731, China; 2School of Chemistry and Engineering, Sichuan University of Science and Engineering, Zigong 643000, China; 3Yangtze Delta Region Institute (Huzhou), University of Electronic Science and Technology of China, Huzhou 313001, China; † Youmei Li and Ming Zhang contributed equally to this work."
10.26599/JAC.2025.9221064,High hydrogen permeation resistance achieved in a novel (AlCrZr)O ternary oxide nanofilm,"1State Key Laboratory of Materials Processing and Die & Mould Technology, School of Materials Science and Engineering, Huazhong University of Science and Technology, Wuhan 430074, China; 2Shenzhen Huazhong University of Science and Technology Research Institute, Shenzhen 518057, China"
10.26599/JAC.2025.9221065,Ultrahigh voltage-gradient ZnO-based varistor ceramics via hybrid cold sintering process/spark plasma sintering and post-annealing process,"1State Key Laboratory of Power Transmission Equipment Technology, School of Electrical Engineering, Chongqing University, Chongqing 400044, China; 2State Key Laboratory for Mechanical Behavior of Materials, School of Materials Science and Engineering, Xi'an Jiaotong University, Xi'an 710049, China; 3Tsinghua University, Shenzhen 518055, China; 4State Grid Jiangxi Electric Power Research Institute, Nanchang 330096, China"
10.26599/JAC.2025.9221066,Intrinsic properties of dispersion-strengthened HfO2–Al2O3–SiO2 material as an EBC bond coat,"1Jiangxi Key Laboratory of Lightweight Composite Materials, Nanchang Hangkong University, Nanchang 330063, China; 2School of Materials Science and Engineering, Nanchang Hangkong University, Nanchang 330063, China; 3School of Materials Science and Engineering, Beihang University, Beijing 100191, China"
10.26599/JAC.2025.9221067,Enhanced resistance to He ions irradiation damage of nanocrystalline SiC coating,"1Sino-French Institute of Nuclear Engineering and Technology, Sun Yat-sen University, Zhuhai 519082, China; 2Equipment Research Center, China Nuclear Power Technology Research Institute Co., Ltd., Shenzhen 518000, China; 3School of Textiles and Fashion, Shanghai University of Engineering Science, Shanghai 201620, China; † Qiqi Li and Yulin Wei contributed equally to this work."
10.26599/JAC.2025.9221068,Lightweight Cf/HC–SiBCN composite for multifunctional applications,"1Science and Technology on Advanced Composite in Special Environments Laboratory, Harbin Institute of Technology, Harbin 150001, China; 2Beijing Institute of Astronautical Systems Engineering, Beijing 10076, China; 3School of Materials Science and Engineering, Zhengzhou University, Zhengzhou 450001, China"
10.26599/JAC.2025.9221069,The effect of nitrogen doping on the ablation resistance of zirconium carbide ceramics,"1Science and Technology on Advanced Ceramic Fibers and Composites Laboratory, College of Aerospace Science and Engineering, National University of Defense Technology, Changsha 410073, China; 2School of Materials Science and Engineering, Xiangtan University, Xiangtan 411105, China; 3School of Materials Science and Engineering, Central South University, Changsha 410083, China; † Zheng Peng and Yingjie Cui contributed equally to this work."
10.26599/JAC.2025.9221070,Enhanced photocatalytic nitrogen fixation on ultrathin Nb2O5·nH2O nanosheets in pure water through the synergistic effect of oxygen vacancies and acid sites,"1Key Laboratory of Advanced Technologies of Materials (Ministry of Education), School of Materials Science and Engineering, Southwest Jiaotong University, Chengdu 610031, China; 2Shenyang National Laboratory for Materials Science, Institute of Metal Research, Chinese Academy of Sciences, Shenyang 110016, China; 3Yantai Research Institute, Harbin Engineering University, Yantai 264000, China"
10.26599/JAC.2025.9221071,Performance evaluation and correction of Al2O3 and YSZ-doped In2O3/In2O3 multilayer heterogeneous thin-film thermocouples up to 1850 °C,"1State Key Laboratory for Manufacturing Systems Engineering, School of Mechanical Engineering, Xi’an Jiaotong University, Xi’an 710049, China; 2School of Instrument Science and Technology, Xi’an Jiaotong University, Xi’an 710049, China; 3State Key Laboratory of Dynamic Measurement Technology, North University of China, Taiyuan 030051, China"
10.26599/JAC.2025.9221072,A potential thermophotovoltaic emitter Er(Ta1−xNbx)O4 (0 ≤ x ≤ 0.2) with excellent selective emission performance,"1School of Materials Science and Engineering, Jiangxi University of Science and Technology, Ganzhou 341000, China; 2State Key Laboratory of Structure Chemistry, Fujian Institute of Research on the Structure of Matter, Chinese Academy of Sciences, Fuzhou 350002, China; 3Fujian Province Joint Innovation Key Laboratory of Fuel and Materials in Clean Nuclear Energy System, Fujian Institute of Research on the Structure of Matter, Chinese Academy of Sciences, Fuzhou 350002, China; 4Xiamen Key Laboratory of Rare Earth Photoelectric Functional Materials, Xiamen Institute of Rare Earth Materials, Haixi"
10.26599/JAC.2025.9221073,Carbon fiber/thermoelectric Ag2S core–shell structure-based temperature–pressure dual-mode sensors,"1College of Materials Science and Engineering, Nanjing Tech University, Nanjing 211800, China; 2Advanced Institute for Materials Research (WPI-AIMR), Tohoku University, Sendai 980-8577, Japan; 3State Key Laboratory of New Ceramics and Fine Processing, School of Materials Science and Engineering, Tsinghua University, Beijing 100084, China; † Junjie Zhu and Yuan Wang contributed equally to this work."
10.26599/JAC.2025.9221074,Ultrafast preparation of dense textured ZrB2-based ceramics via heavy continuous DC Joule heating and pressing,"1National and Local Joint Engineering Laboratory for Slag Comprehensive Utilization and Environmental Technology, Shaanxi University of Technology, Hanzhong 723001, China; 2School of Materials Science and Engineering, Shaanxi University of Technology, Hanzhong 723001, China; 3State Key Laboratory of Crystal Materials, Institute of Crystal Materials, Shandong University, Jinan 250100, China; 4School of Defence Science & Technology, Xi’an Technological University, Xi’an 710032, China"
10.26599/JAC.2025.9221075,Ultra-transparent β-Ga2O3:Cr3+ glass-ceramics enabling high-efficiency true-transmission near-infrared light-emitting diodes,"1Institute of Light+X Science and Technology, Faculty of Electrical Engineering and Computer Science, Ningbo University, Ningbo 315211, China; 2Guangdong Provincial Key Laboratory of Optical Fiber Sensing and Communications, Institute of Photonics Technology, Jinan University, Guangzhou 511443, China; 3College of Mathematics and Systems Science, Guangdong Polytechnic Normal University, Guangzhou 510665, China; 4College of Physics and Electronic Information & Henan Key Laboratory of Electromagnetic Transformation and Detection, Luoyang Normal University, Luoyang 471934, China; 5State Key Lab of"
10.26599/JAC.2025.9221076,Site-controlled multi-ion substitution enabling low-loss and high-permittivity microwave ferrites,"School of Materials and Energy, University of Electronic Science and Technology of China, Chengdu 611731, China"
10.26599/JAC.2025.9221077,Simultaneous enhancement of piezoelectric performance and Curie temperature in high-temperature Bi4Ti3O12 piezoceramics through A/B site co-doping,"School of Materials, Sun Yat-sen University, Shenzhen 518107, China; † Xuanyu Chen and Bao Ou contributed equally to this work."
10.26599/JAC.2025.9221078,Probing solid-state diffusion and its synergistic role with preferential oxidation in enhancing the ablation performance of multiphase multicomponent carbide,"1International Institute for Material Innovation, Nanchang University, Nanchang 330031, China; 2State Key Laboratory of Powder Metallurgy, Central South University, Changsha 410083, China; 3State Key Laboratory of Oil and Gas Equipment, CNPC Tubular Goods Research Institute, Xi’an 710077, China; † Ziming Ye and Jiao Hu contributed equally to this work."
10.26599/JAC.2025.9221050,A fast composition-stability machine learning model for screening MAX phases and guiding discovery of Ti2SnN,"National Key Laboratory of Science and Technology on Advanced Composites in Special Environments and Center for Composite Materials and Structures, Harbin Institute of Technology, Harbin 150080, China"
10.26599/JAC.2025.9221051,MnO2 doping induced structural tuning drives superior piezoelectric response in CaBi4Ti4O15-based ceramics,"1Jiangxi Key Laboratory of Advanced Ceramic Materials, Jingdezhen 333403, China; 2China National Light Industry Key Laboratory of Functional Ceramic Materials, Jingdezhen 333403, China; 3School of Materials Science and Engineering, Jingdezhen Ceramic University, Jingdezhen 333403, China; 4National Engineering Research Center for Domestic & Building Ceramics, Jingdezhen 333403, China; † Qilai Wen and Huan-Huan Guo contributed equally to this work."
10.26599/JAC.2025.9221052,Femtosecond laser-induced honeycomb structure on the interface for the micro-welding of YSZ/sapphire,"1College of Mechanical and Energy Engineering, Beijing University of Technology, Beijing 100124, China; 2State Key Laboratory of Precision Welding & Joining of Materials and Structures, Harbin Institute of Technology, Harbin 150001, China"
10.26599/JAC.2025.9221053,High-Q enstatite microwave/terahertz dielectric ceramics modulated by phase transition and lattice distortion,"State Key Laboratory of New Ceramics and Fine Processing, School of Materials Science and Engineering, Tsinghua University, Beijing 100084, China"
10.26599/JAC.2025.9221054,Excellent comprehensive piezoelectric performances of SiC-doped BCTZ-based lead-free piezoelectric ceramics,"1School of Material Science and Engineering, University of Jinan, Jinan 250022, China; 2Guangdong Key Laboratory of Electronic Functional Materials and Devices, Huizhou University, Huizhou 516007, China"
10.26599/JAC.2025.9221055,Preparation of porous mullite ceramics composed entirely of overlapping and interlocking mullite whiskers through whisker in-situ growth,"1Aviation Engineering Institute, Civil Aviation University of China, Tianjin 300300, China; 2College of Science, Civil Aviation University of China, Tianjin 300300, China; 3Department of Safety Engineering, Civil Aviation University of China, Tianjin 300300, China; 4Binzhou Beicheng Construction Engineering Materials Testing Co., Ltd., Binzhou 256602, China; † Ruoyu Zhang and Jingjing Li contributed equally to this work."
10.26599/JAC.2025.9221056,Superior energy storage density and efficiency in antiferroelectric-like BNT-based ceramics via single-element phase engineering,"1Key Laboratory of Inorganic Functional Materials and Devices, Shanghai Institute of Ceramics, Chinese Academy of Sciences, Shanghai 200050, China; 2Center of Materials Science and Optoelectronics Engineering, University of Chinese Academy of Sciences, Beijing 100049, China; 3School of Chemistry and Materials Science, Hangzhou Institute for Advanced Study, University of Chinese Academy of Sciences, Hangzhou 310024, China; 4State Key Laboratory of High Performance Ceramics and Superfine Microstructure, Shanghai Institute of Ceramics, Chinese Academy of Sciences, Shanghai 200050, China; † Shuang"
10.26599/JAC.2025.9221057,Joule heating-driven ultrafast synthesis of (Fe1−xMnx)2AlB2 and its electromagnetic wave absorption properties,"1School of Material Science and Engineering, Xi’an University of Science and Technology, Xi’an 710054, China; 2Science and Technology on Thermostructural Composite Materials Laboratory, Northwestern Polytechnical University, Xi’an 710072, China"
10.26599/JAC.2025.9221058,Hollow engineering of HCNs@CoFe2Se4-QDs with quantum dots toward ultra-broadband electromagnetic wave absorption,"1School of Chemistry and Chemical Engineering, Northwestern Polytechnical University, Xi’an 710129, China; 2Key Laboratory of Multi-spectral Absorbing Materials and Structures, University of Electronic Science and Technology of China, Ministry of Education, UESTC, Chengdu 611731, China; 3School of Marine Science and Technology, Northwestern Polytechnical University, Xi’an 710072, China"
10.26599/JAC.2025.9221059,Entropy-driven microwave absorption enhancement in hexagonal (Ba1/3Sr1/3Ca1/3)FeO3 perovskite,"1School of Materials Science and Engineering, Zhengzhou University, Zhengzhou 450001, China; 2Department of Materials and Earth Sciences, Technical University of Darmstadt, Darmstadt 64283, Germany; 3Henan Academy of Sciences, Zhengzhou 450046, China; 4School of Materials Science and Engineering, Zhengzhou University of Aeronautics, Zhengzhou 450015, China; 5Cijin Technology (Henan) Co., Zhengzhou 452470, China; 6Department of Engineering, Faculty of Environment, Science and Economy, University of Exeter, Exeter EX4 4QF, UK"
10.26599/JAC.2025.9221060,Controlled growth of Pr1.5Ba1.5Cu3O7 cubes to meliorate the cathode reaction for protonic ceramic fuel cells,"School of Resource Environment and Safety Engineering, University of South China, Hengyang 421001, China"
10.26599/JAC.2025.9221061,Lowering operating temperatures in high-power laser-excited LuAG:Ce films by improving crystallinity and increasing Ce3+ content,"1Key Laboratory for Anisotropy and Texture of Materials (Ministry of Education), School of Materials Science and Engineering, Northeastern University, Shenyang 110819, China; 2State Key Laboratory of Advanced Technologies for Comprehensive Utilization of Platinum Metals, Yunnan Precious Metals Laboratory Co., Ltd., Kunming 650106, China; 3Sino-Platinum Metals Semiconductor Materials (Yunnan) Co., Ltd., Kunming 650106, China"
10.26599/JAC.2025.9221062,A comprehensive study on flash sintering of anatase and rutile polymorphs-containing titania nanopowder: Phase and microstructure development,"São Carlos Institute of Physics, University of São Paulo (USP), São Carlos 13560-970, Brazil"
10.26599/JAC.2025.9221063,High energy storage performance in the Bi0.5Na0.5TiO3–BaTiO3–Nd(Mg1/2Hf1/2)O3 ternary system with multiscale polymorphic domains and local heterogeneous structure,"1State Key Laboratory for Mechanical Behavior of Materials, Xi’an Jiaotong University, Xi’an 710049, China; 2State Key Laboratory for Manufacturing Systems Engineering & Electronic Materials Research Laboratory, Key Laboratory of the Ministry of Education, Xi’an Jiaotong University, Xi’an 710049, China; 3Key Laboratory of New Processing Technology for Nonferrous Metal & Materials, Ministry of Education/Guangxi Key Laboratory of Optical and Electronic Materials and Devices/Collaborative Innovation Center for Exploration of Nonferrous Metal Deposits and Efficient Utilization of Resources, Guilin"
10.26599/JAC.2025.9221046,Versatile BiFeO3 shining in piezocatalysis: From materials engineering to diverse applications,"1School of Instrumentation Science and Engineering, Harbin Institute of Technology, Harbin 150080, China; 2Institute of Applied Physics and Materials Engineering, University of Macau, Avenida da Universidade, Macao 999078, China; 3Energy Materials Research Group (EMRG), School of Materials and Mineral Resources Engineering, Universiti Sains Malaysia, Nibong Tebal 14300, Malaysia; 4Zhengzhou Research Institute, Harbin Institute of Technology, Zhengzhou 450046, China; 5Department of Transportation and Environment, Shenzhen Institute of Information Technology, Shenzhen 518172, China"
10.26599/JAC.2025.9221034,Insights into high electric-field-induced strain in BiAlO3 modified Bi1/2Na1/2TiO3 films,"1Department of Physics and Energy Harvest Storage Research Center (EHSRC), University of Ulsan, Ulsan 44610, Republic of Korea; 2Research Center, Kairos Co., Ltd., Suwon 16229, Republic of Korea; 3Busan Center, Korea Basic Science Institute, Busan 46742, Republic of Korea; 4Department of Physics, University of Science and Technology, Bannu 28100, Pakistan; 5Center for High Technology Materials and the Department of Mechanical Engineering, The University of New Mexico, Albuquerque 87131, USA; 6School of Materials Science and Engineering, University of Ulsan, Ulsan 44776, Republic of Korea; 7Ele"
10.26599/JAC.2025.9221035,Preparation of (Tb0.94−xLu0.06Hox)2O3 transparent ceramics with high Verdet constants for magneto-optical applications,"1School of Material Science and Engineering, Wuhan University of Technology, Wuhan 430000, China; 2Institute of Chemical Materials, China Academy of Engineering Physics, Mianyang 621900, China; 3Sichuan Research Center of New Materials, Chengdu 610200, China"
10.26599/JAC.2025.9221036,Ultra durable composite steam electrode with cube-shaped BaZr0.85Y0.15O3−δ facet-boosted efficiency toward advanced protonic ceramic electrolysis cells,"College of Materials Science and Engineering, Nanjing Tech University, Nanjing 211816, China; † Xiaole Yu and Lin Ge contributed equally to this work."
10.26599/JAC.2025.9221037,A new type of dense silicon nitride-based metamaterial,"1State Key Laboratory of Solid Lubrication, Lanzhou Institute of Chemical Physics, Chinese Academy of Sciences, Lanzhou 730000, China; 2State Key Laboratory of High Performance Ceramics and Superfine Microstructures, Shanghai Institute of Ceramics, Chinese Academy of Sciences, Shanghai 200050, China; 3School of Materials Science and Engineering, Shandong University of Science and Technology, Qingdao 266590, China; 4Shandong Laboratory of Advanced Materials and Green Manufacturing at Yantai, Yantai 264006, China; 5Yantai Zhongke Research Institute of Advanced Materials and Green Chemical Engine"
10.26599/JAC.2025.9221038,Achieving a large field-induced polarization and energy density in BaTiO3 films sputter-deposited on Si at 200 °C via a buffer-layer technique,"1Institute of Advanced Energy Materials and Chemistry, Jinan Engineering Laboratory for Multi-scale Functional Materials, Shandong Provincial Key Laboratory of Molecular Engineering, School of Chemistry and Chemical Engineering, Qilu University of Technology (Shandong Academy of Sciences), Jinan 250353, China; 2Key Laboratory of Key Film Materials & Application for Equipments (Hunan Province), Hunan Provincial Key Laboratory of Thin Film Materials and Devices, School of Material Sciences and Engineering, Xiangtan University, Xiangtan 411105, China; 3Key Laboratory for Liquid–Solid Structure Ev"
10.26599/JAC.2025.9221039,Enhancing microwave absorption performance of MoS2 by synergistic effect of Fe doping,"1National Key Laboratory of Precision Welding & Joining of Materials and Structures Harbin Institute of Technology, Harbin 150001, China; 2School of Materials Science and Engineering Harbin Institute of Technology, Harbin 150001, China; 3MIIT Key Laboratory of Advanced Structural-Functional Integration Materials & Green, Manufacturing Technology, Harbin Institute of Technology, Harbin 150001, China"
10.26599/JAC.2025.9221040,Avoiding undesirable cathode/electrolyte interfacial reactions for proton-conducting solid oxide fuel cells by Joule heating,"1School of Electronic and Information Engineering, Changshu Institute of Technology, Changshu 215500, China; 2School of Resource Environment and Safety Engineering, University of South China, Hengyang 421001, China"
10.26599/JAC.2025.9221041,A high-entropy rare-earth phosphate and its principle single component REPO4 for environmental barrier coatings,"1Department of Materials Science and Engineering, Rensselaer Polytechnic Institute, NY 12180, USA; 2Department of Mechanical, Aerospace and Nuclear Engineering, Rensselaer Polytechnic Institute, NY 12180, USA"
10.26599/JAC.2025.9221042,Reactive self-consumption strategy to suppress SiO2 phase transition-induced cracking,"1State Key Laboratory for Mechanical Behavior of Materials, School of Materials Science and Engineering, Xi’an Jiaotong University, Xi’an 710049, China; 2AECC Beijing Institute of Aeronautical Material, Beijing 100095, China"
10.26599/JAC.2025.9221043,Texture development and surface reconstruction of BiVO4 photoanode via one-pot hydrothermal reaction for enhanced photoelectrochemical water splitting,"1Department of Energy Systems Research, Ajou University, Suwon 16499, Republic of Korea; 2Department of Material Science & Engineering, Ajou University, Suwon 16499, Republic of Korea; 3Department of Mechanical Engineering, Stanford University, Stanford 94305, USA; 4Department of Material Science & Engineering, Korea University, Seoul 02841, Republic of Korea; 5Materials Science and Engineering Program, University of Colorado Boulder, Boulder 80303, USA; † Sung Won Hwang and Yoo Jae Jeong contributed equally to this work."
10.26599/JAC.2025.9221044,Low-temperature rapid sintering for the fabrication of biphasic Si3N4 ceramics with outstanding mechanical properties,"1State Key Laboratory of New Ceramic Materials, School of Materials Science and Engineering, Tsinghua University, Beijing 100084, China; 2State Key Laboratory for Advanced Metals and Materials, University of Science and Technology Beijing, Beijing 100083, China"
10.26599/JAC.2025.9221045,K0.5Na0.5NbO3-based multifunctional transparent ceramics for ultrahigh sensitive optical thermometry,"School of Physics and Materials Science, Guangzhou University, Guangzhou 510006, China"
10.26599/JAC.2025.9221047,Temperature-dependent microstructural evolution in a compositionally complex solid electrolyte: The role of a grain boundary transition,"1Aiiso Yufeng Li Family Department of Chemical and Nano Engineering, University of California San Diego, La Jolla, California 92093, USA; 2Program in Materials Science and Engineering, University of California San Diego, La Jolla, California 92093, USA; 3Department of Materials Science and Engineering, University of California Irvine, Irvine, California 92697, USA; 4Department of Physics and Astronomy, University of California Irvine, Irvine, California 92697, USA; 5Irvine Materials Research Institute, University of California Irvine, Irvine, California 92697, USA"
10.26599/JAC.2025.9221048,Distinguishing electrotensile strain and electrobending strain,"School of Materials, Sun Yat-sen University, Shenzhen 518107, China"
10.26599/JAC.2025.9221049,Self-assembled Fe3O4 nanoparticles on V2C MXene for enhanced supercapacitor and microwave absorption applications,"1School of Materials Science and Engineering, Henan Polytechnic University, Jiaozuo 454003, China; 2Henan Province Expressway Efficient Energy Storage Technology and Application Engineering Research Center, Zhengzhou 450121, China; 3Department of Macromolecular Science, Fudan University, Shanghai 200438, China; 4Henan Radio Requlation Information System Backup Center, Zhengzhou 450008, China"
10.26599/JAC.2024.9221015,"Low sintering shrinkage porous ceramics: Principles, progress, and perspectives","1State Key Laboratory of Solidification Processing, MIIT Key Laboratory of Radiation Detection Materials and Devices, School of Materials Science and Engineering, Northwestern Polytechnical University, Xi’an 710072, China; 2Institute for Advanced Materials and Technology, University of Science and Technology Beijing, Beijing 100083, China; 3State Key Lab of New Ceramics and Fine Processing, School of Materials Science and Engineering, Tsinghua University, Beijing 100084, China"
10.26599/JAC.2025.9221033,Engineering design of feedstock powder and relevant thermal–mechanical performance of thermal/environmental barrier coatings,"1Shanghai Key Laboratory of Advanced High-temperature Materials and Precision Forming, School of Materials Science and Engineering, Shanghai Jiao Tong University, Shanghai 200240, China; 2National Engineering Research Center of Special Equipment and Power System for Ship and Marine Engineering, Shanghai 200030, China; 3School of Mechanical Engineering, Shanghai Jiao Tong University, Shanghai 200240, China; 4State Key Laboratory of Advanced Nuclear Energy Technology, Nuclear Power Institute of China, Chengdu 610213, China; 5Innovative Sensor Technology IST AG, Ebnat-Kappel 9642, Switzerland; 6S"
10.26599/JAC.2024.9221018,Ultrahigh energy density and efficiency BaTiO3-based multilayer ceramic capacitors,"1Key Laboratory of Inorganic Functional Materials and Devices, Shanghai Institute of Ceramics, Chinese Academy of Sciences, Shanghai 200050, China; 2Center of Materials Science and Optoelectronics Engineering, University of Chinese Academy of Sciences, Beijing 100049, China; 3The State Key Laboratory of High Performance Ceramics and Superfine Microstructure, Shanghai Institute of Ceramics, Chinese Academy of Sciences, Shanghai 200050, China"
10.26599/JAC.2024.9221019,In situ formation of high-entropy carbide phase in porous SiBCN ceramic for enhanced high-temperature stability,"1Key Laboratory of Advanced Ceramics and Machining Technology of Ministry of Education, School of Materials Science and Engineering, Tianjin University, Tianjin 300350, China; 2Tianjin Key Laboratory of Low-dimensional Electronic Materials and Advanced Instrumentation, Tianjin 300072, China"
10.26599/JAC.2024.9221020,Abnormal dielectric behavior of glaserite-type Ba3−xSrxMgSi2O8 solid solution,"1School of Optical and Electronic Information, Key Lab of Functional Materials for Electronic Information (B) of MOE, Huazhong University of Science and Technology, Wuhan 430074, China; 2Wenzhou Key Laboratory of Microwave Communication Materials and Devices, Wenzhou Advanced Manufacturing Institute of HUST, Wenzhou 325035, China"
10.26599/JAC.2024.9221021,"Regulating the composition, structure, and nanoscale dimensions of Yb2Si2O7 environmental barrier coating to achieve a biomimetic teakwood-like functional structure by waste gas recycling","1Key Laboratory for Liquid-Solid Structural Evolution and Processing of Materials (Ministry of Education), School of Materials Science and Engineering, Shandong University, Jinan 250061, China; 2National Engineering Laboratory for Modern Materials Surface Engineering Technology & The Key Lab of Guangdong for Modern Surface Engineering Technology & Guangdong-Hong Kong Joint Laboratory of Modern Surface Engineering Technology, Institute of New Materials, Guangdong Academy of Sciences, Guangzhou 510650, China"
10.26599/JAC.2024.9221022,Elevated temperature performance: Arc-jet testing of carbon fiber reinforced ZrB2 bars up to 2200 °C for strength retention assessment,"1CNR-ISSMC, National Research Council of Italy - Institute of Science, Technology and Sustainability for Ceramics, Faenza 48018, Italy; 2Department of Materials Science and Engineering, Missouri University of Science and Technology, Rolla 65409-0330, USA; 3University of Naples, Dept. of Industrial Engineering, Naples 80125, Italy; 4Politecnico di Milano, Department of Aerospace Science and Technology, Milan 20156, Italy"
10.26599/JAC.2024.9221023,Enhanced ionic conductivity of Ce-doped Na3Zr2Si2PO12 electrolyte for achieving superior performance of solid-state sodium batteries,"School of Materials Science and Engineering, State Key Lab of Silicon and Advanced Semiconductor Materials, Zhejiang University, Hangzhou 310058, China"
10.26599/JAC.2024.9221024,Chemical bond and dielectric response of Yb2Si2O7 ceramic with low dielectric constant at GHz and THz,"1College of Information Engineering, Shaoyang University, Shaoyang 422000, China; 2School of Materials and Energy, University of Electronic Science and Technology of China, Chengdu 611731, China; 3School of Civil Engineering and Geomatics, Southwest Petroleum University, Chengdu 610500, China; 4State Key Laboratory of Electronic Thin Films and Integrated Devices, University of Electronic Science and Technology of China, Chengdu 611731, China"
10.26599/JAC.2024.9221025,"Simultaneous achievement of large strain, low hysteresis, and high-temperature stability in textured BT-based piezoelectric ceramics","1School of Materials Science and Engineering, Laboratory of Sensitive Materials and Devices Shandong Department of Education, Liaocheng University, Liaocheng 252059, China; 2Functional Materials and Acoustooptic Instruments Institute, Harbin Institute of Technology, Harbin 150080, China; 3School of Materials Science and Engineering, Tongji University, Shanghai 201804, China"
10.26599/JAC.2024.9221026,Synergistic improvement of the mechanical and biological performance of Si3N4 by incorporating nanostructured graphene,"1School of Life Science and Technology, Harbin Institute of Technology, Harbin 150001, China; 2Department of Stomatology, the First Medical Center, Chinese PLA General Hospital, Beijing 100853, China; 3Center for Composite Materials and Structures, Harbin Institute of Technology, Harbin 150001, China; † Zhe Zhan and Bin Deng contributed equally to this work."
10.26599/JAC.2024.9221027,Unique composite architecture of phosphor-in-glass film coated on different heat-conducting substrates for high-brightness laser lighting,"1State Key Laboratory of Intelligent Manufacturing Equipment and Technology, School of Mechanical Science and Engineering, Huazhong University of Science and Technology, Wuhan 430074, China; 2School of Aerospace Engineering, Huazhong University of Science and Technology, Wuhan 430074, China; 3School of Energy and Power Engineering, Huazhong University of Science and Technology, Wuhan 430074, China"
10.26599/JAC.2025.9221028,Stabilizing high-entropy MAX phases by incorporating tin,"1Key Laboratory of Advanced Technologies of Material, Ministry of Education, School of Material Science and Engineering, Southwest Jiaotong University, Chengdu 610031, China; 2State Key Laboratory of Green Building Material, China Building Material Academy, Beijing 100024, China; 3Henan Key Laboratory of High Performance Carbon Fiber Reinforced Composites, Institute of Carbon Matrix Composites, Henan Academy of Sciences, Zhengzhou 450046, China; 4School of Material Science and Engineering, Zhengzhou University, Zhengzhou 450001, China"
10.26599/JAC.2025.9221029,"Achieving ultrahigh power factor in Mg3(Sb,Bi)2-based thermoelectric alloys sintered by introducing elemental Mg and W","1School of Materials Science and Engineering, Jiangsu University, Zhenjiang 212013, China; 2School of Intelligent Manufacturing, Huzhou College, Huzhou 313000, China"
10.26599/JAC.2025.9221030,Synthesis of novel high-entropy diborides with high-efficiency electromagnetic wave absorption and excellent thermal stability,"1College of Physics and Electronic Information Engineering, Guilin University of Technology, Guilin 541004, China; 2State Key Laboratory of Advanced Marine Materials, Ningbo Institute of Materials Technology and Engineering, Chinese Academy of Sciences, Ningbo 315201, China; 3Tianjin Key Laboratory of Optical Thin Films, Tianjin Jinhang Technical Physics Institute, Tianjin 300308, China; † Chencheng Liu and Qingyun Chen contributed equally to this work."
10.26599/JAC.2025.9221032,Highly toughened translucent glass matrix nanoceramics enhanced by amorphous Al2O3,"1Department of Engineering Science, Uppsala University, Uppsala 75121, Sweden; 2School of Material Science and Engineering, Central South University, Changsha 410083, China"
10.26599/JAC.2024.9220997,Advances in reactive air wetting and brazing of engineering ceramics,"1School of Materials Science and Engineering, Jiangsu University, Zhenjiang 212013, China; 2School of Intelligent Manufacturing, Huzhou College, Huzhou 313000, China; 3National Research Council, Institute of Condensed Matter Chemistry and Technologies for Energy, CNR-ICMATE, Genoa 16149, Italy"
10.26599/JAC.2024.9221001,Densification of ceria-based barrier layer for solid oxide cells at lower sintering temperatures: A review,"1Key Laboratory for Power Machinery and Engineering of Ministry of Education, Shanghai Jiao Tong University, Shanghai 200240, China; 2School of Physics and Astronomy, Shanghai Jiao Tong University, Shanghai 200240, China; † Shiyi Wu and Wenyi Yan contributed equally to this work."
10.26599/JAC.2024.9220998,Design and fabrication of (Hf0.25Zr0.25Ta0.25Nb0.25)C–SiC ceramics with improved microwave absorbing properties via PDC route,"School of Physics and Materials Science, Guangzhou University, Guangzhou 510006, China; † Bin Du and Saidi Wang contributed equally to this work."
10.26599/JAC.2024.9221004,Enhancement of densification and mechanical property of (Hf0.2Zr0.2Ti0.2Nb0.2Ta0.2)N high-entropy bulk ceramic via silicon carbide addition,"1School of Materials Science and Engineering, North Minzu University, Yinchuan 750021, China; 2National and Local Joint Engineering Research Center of Advanced Carbon-Based Ceramics Preparation Technology, Yinchuan 750021, China; 3College of Materials Science and Engineering, South China University of Technology, Guangzhou 510641, China"
10.26599/JAC.2024.9221005,Enhanced humidity-sensing performance of (Zr4+/Sb5+)-codoped TiO2 ceramics with giant dielectric properties,"1Giant Dielectric and Computational Design Research Group (GD-CDR), Department of Physics, Faculty of Science, Khon Kaen University, Khon Kaen 40002, Thailand; 2Institute of Nanomaterials Research and Innovation for Energy (IN-RIE), Faculty of Science, Khon Kaen University, Khon Kaen 40002, Thailand; 3Synchrotron Light Research Institute (Public Organization), Nakhon Ratchasima 30000, Thailand; 4Department of Fundamental Science, Faculty of Science and Technology, Surindra Rajabhat University, Surin 32000, Thailand"
10.26599/JAC.2024.9221006,"Regulation of the sintering trajectory of Ho,Pr:Y2O3 ceramics for 2.9 μm mid-infrared lasers by atmospheric sintering","1State Key Laboratory of Crystal Materials and Institute of Crystal Materials, Shandong University, Jinan 250100, China; 2Jiangsu Key Laboratory of Advanced Laser Materials and Devices, School of Physics and Electronic Engineering, Jiangsu Normal University, Xuzhou 221116, China; 3Shanghai Key Laboratory of Multidimensional Information Processing, School of Communication and Electronics Engineering, East China Normal University, Shanghai 200241, China; 4Shanghai Branch, Hefei National Laboratory, and Shanghai Research Center for Quantum Sciences, Shanghai 201315, China; 5Collaborative Innovati"
10.26599/JAC.2024.9221007,Dual-phase medium-entropy diboride–carbide ceramics with metal element exchange during sintering,"1State Key Laboratory of Advanced Fiber Materials, Institute of Functional Materials, College of Materials Science and Engineering, College of Physics, Donghua University, Shanghai 201620, China; 2State Key Laboratory of High Performance Ceramics and Superfine Microstructure, Shanghai Institute of Ceramics, Chinese Academy of Sciences, Shanghai 200050, China"
10.26599/JAC.2024.9221008,Layered metal carbo–selenide Nb2CSe2 with van der Waals interlayer coupling,"1Shenyang National Laboratory for Materials Science, Institute of Metal Research, Chinese Academy of Sciences, Shenyang 110016, China; 2School of Materials Science and Engineering, University of Science and Technology of China, Shenyang 110016, China; 3Institute of Materials Science and Devices, School of Materials Science and Engineering, Suzhou University of Science and Technology, Suzhou 215009, China; 4School of Materials Science and Engineering, Shenyang Ligong University, Shenyang 110159, China; 5Ji Hua Laboratory, Foshan 528000, China; 6Key Laboratory for Anisotropy and Texture of Mater"
10.26599/JAC.2024.9221009,A novel ultra-high temperature ceramic composite coating prepared by high-speed laser cladding and pack cementation on Ta–W alloys for higher plasma ablation resistance above 2300 °C,"1National-Local Joint Engineering Laboratory of Intelligent Manufacturing Oriented Automobile Die & Mould, Tianjin University of Technology and Education, Tianjin 300222, China; 2Defense Innovation Institute, Academy of Military Science, Beijing 100071, China; † Youjiang Zhang and Qiyao Deng contributed equally to this work."
10.26599/JAC.2024.9221010,Excellent high-temperature strength of (HfZrTiTaNb)C high-entropy carbide diffusion-bonded joint via in-situ alloying of Ni/Nb/Ni composite interlayer,"1Tianjin Key Laboratory of Advanced Joining Technology, School of Materials Science and Engineering, Tianjin University, Tianjin 300350, China; 2Key Laboratory of Advanced Ceramics and Machining Technology, Ministry of Education, Tianjin 300350, China"
10.26599/JAC.2024.9221011,Fabrication and high temperature electrical conductivity of polymer-derived SiHfBCN ceramic coating,"1Science and Technology on Thermostructural Composite Materials Laboratory, Northwestern Polytechnical University, Xi’an, Shaanxi 710072, China; 2College of Materials, Key Laboratory of High-Performance Ceramic Fibers (Xiamen University), Ministry of Education, Xiamen 361005, China; 3College of Materials, Xiamen Key Laboratory of Electronic Ceramic Materials and Devices, Xiamen University, Xiamen 361005, China"
10.26599/JAC.2024.9221012,Low dielectric loss in vanadium-based zircon ceramics via high-entropy strategy,"1College of Physics and Electronic Information Engineering, Guilin University of Technology, Guilin 541004, China; 2Guangxi Universities Key Laboratory of Non-Ferrous Metal Oxide Electronic Functional Materials and Devices, Guangxi Key Laboratory of Optical and Electronic Materials and Devices, College of Materials Science and Engineering, Guilin University of Technology, Guilin 541004, China"
10.26599/JAC.2024.9221013,Novel transparent high-entropy sesquioxide ceramics with high physicochemical plasma etching resistance,"1Nano Materials Research Division, Korea Institute of Materials Science, Changwon 51508, Republic of Korea; 2Department of Materials Science and Engineering, Pusan National University, Pusan 46241, Republic of Korea; 3Semiconductor Integrated Metrology Team, Korea Research Institute of Standards and Science, Daejeon 34113, Republic of Korea; 4Department of semiconductor Science, Engineering and Technology, Korea Aerospace University, Goyang 10540, Republic of Korea; 5School of Electronics and Information Engineering, Korea Aerospace University, Goyang 10540, Republic of Korea; 6PLS-II Beamline"
10.26599/JAC.2024.9221014,HfC–HfO2 modified high/superhigh temperature thermal protection coating for superior hot corrosion resistance and antioxidation performance,"1State Key Laboratory of Precision Welding & Joining of Materials and Structures, Harbin Institute of Technology, Harbin 150001, China; 2Institute for Advanced Ceramics, Harbin Institute of Technology, Harbin 150001, China; 3Key Laboratory of Advanced Structure-Function Integrated Materials and Green Manufacturing Technology, Harbin Institute of Technology, Harbin 150001, China; 4National Center for Materials Service Safety, University of Science and Technology Beijing, Beijing 100083, China; 5Xi’an Aerospace Composites Research Institute, Academy of Aerospace Propulsion Technology, Xi’an 7100"
10.26599/JAC.2024.9221016,A warpage-free Si3N4 slurry strategy for vat photopolymerization,"School of Materials, Shenzhen Campus of Sun Yat-sen University, Shenzhen 518107, China"
10.26599/JAC.2024.9221017,Environment-friendly Ca2+/Cr3+ co-doping LaAlO3 ceramics with excellent infrared radiation performance for energy-saving,"1The State Key Laboratory of Refractories and Metallurgy, Joint International Research Laboratory of Refractories and Metallurgy, Wuhan University of Science & Technology, Wuhan 430081, China; 2School of Materials Science and Engineering, Zhengzhou University, Zhengzhou 450001, China; 3Institute of Advanced Ceramics, Henan Academy of Sciences, Zhengzhou 450046, China; 4Technical Institute of Physics and Chemistry, Chinese Academy of Sciences, Beijing 100190, China; 5Institute of Iron and Steel Technology, TU Bergakademie Freiberg, Freiberg 09599, Germany"
10.26599/JAC.2025.9221031,Erratum to: Fabrication of dense SiBCN monolith at a lower temperature and its high-temperature performance,"1Institute for Advanced Ceramics, School of Materials Science and Engineering, Harbin Institute of Technology, Harbin 150080, China; 2Key Laboratory of Advanced Structural-Function Integrated Materials and Green Manufacturing Technology, Ministry of Industry and Information Technology, Harbin 150080, China; 3State Key Laboratory of Advanced Welding and Joining, Harbin Institute of Technology, Harbin 150080, China; 4Department of Industrial Engineering, University of Padova, Padova 35131, Italy; 5Department of Materials Science and Engineering, The Pennsylvania State University, University Park"
